TDSFU Daily run: Mon Oct 27 13:39:55 UTC 2025 TDSFU
TDSFU Daily run: Tue Oct 28 04:34:01 UTC 2025 TDSFU
TDSFU Daily run: Wed Oct 29 04:37:39 UTC 2025 TDSFU
TDSFU Daily run: Thu Oct 30 04:33:35 UTC 2025 TDSFU
TDSFU Daily run: Fri Oct 31 04:35:30 UTC 2025 TDSFU
TDSFU Daily run: Sat Nov  1 04:31:04 UTC 2025 TDSFU
TDSFU Daily run: Sun Nov  2 04:33:35 UTC 2025 TDSFU
TDSFU Daily run: Mon Nov  3 04:39:07 UTC 2025 TDSFU
TDSFU Daily run: Tue Nov  4 04:33:45 UTC 2025 TDSFU
TDSFU Daily run: Wed Nov  5 04:34:20 UTC 2025 TDSFU
TDSFU Daily run: Thu Nov  6 04:37:47 UTC 2025 TDSFU
TDSFU Daily run: Fri Nov  7 04:33:42 UTC 2025 TDSFU
TDSFU Daily run: Sat Nov  8 04:32:39 UTC 2025 TDSFU
TDSFU Daily run: Sun Nov  9 04:33:18 UTC 2025 TDSFU
